timestamp,latitude,longitude,speed_mps,heading_deg,temperature_c,humidity_pct,pressure_hpa
2026-08-30 07:00:00,42.3601,-71.0589,0.986,234.7,21.5,62.0,1015.0
2026-08-30 07:00:05,42.360074,-71.058949,0.986,234.7,21.49,62.01,1015.0
2026-08-30 07:00:10,42.36005,-71.059004,1.062,239.11,21.49,62.06,1015.0
2026-08-30 07:00:15,42.360023,-71.059064,1.148,238.55,21.49,62.19,1015.0
2026-08-30 07:00:20,42.359993,-71.059123,1.173,235.53,21.52,62.2,1015.0
2026-08-30 07:00:25,42.359961,-71.059178,1.152,232.37,21.52,62.19,1015.0
2026-08-30 07:00:30,42.359931,-71.059237,1.181,235.32,21.52,62.15,1015.0
2026-08-30 07:00:35,42.359901,-71.059306,1.307,239.12,21.55,62.16,1015.0
2026-08-30 07:00:40,42.359864,-71.059376,1.42,234.38,21.55,62.15,1015.0
2026-08-30 07:00:45,42.359822,-71.059442,1.441,229.18,21.52,62.13,1014.99
2026-08-30 07:00:50,42.359777,-71.059515,1.55,230.31,21.49,62.2,1015.0
2026-08-30 07:00:55,42.359726,-71.059587,1.643,226.07,21.47,62.13,1014.98
2026-08-30 07:01:00,42.359675,-71.059668,1.741,229.96,21.46,62.25,1014.99
2026-08-30 07:01:05,42.359621,-71.05975,1.812,227.69,21.45,62.27,1014.98
2026-08-30 07:01:10,42.35956,-71.059827,1.861,223.41,21.45,62.27,1014.98
2026-08-30 07:01:15,42.359504,-71.059913,1.885,228.46,21.46,62.29,1014.98
2026-08-30 07:01:20,42.359442,-71.059995,1.916,224.45,21.45,62.34,1014.99
2026-08-30 07:01:25,42.359378,-71.060073,1.92,221.87,21.43,62.29,1015.0
2026-08-30 07:01:30,42.359305,-71.060149,2.05,217.71,21.42,62.36,1014.99
2026-08-30 07:01:35,42.359226,-71.060219,2.095,213.1,21.45,62.37,1014.99
2026-08-30 07:01:40,42.359139,-71.06028,2.187,207.35,21.48,62.35,1014.99
2026-08-30 07:01:45,42.359047,-71.06033,2.186,202.02,21.48,62.37,1014.98
2026-08-30 07:01:50,42.358949,-71.060373,2.298,198.11,21.49,62.35,1014.99
2026-08-30 07:01:55,42.358846,-71.060405,2.36,192.75,21.44,62.31,1014.98
2026-08-30 07:02:00,42.35874,-71.06044,2.431,193.85,21.42,62.32,1014.98
2026-08-30 07:02:05,42.358635,-71.060481,2.429,196.01,21.42,62.31,1014.98
2026-08-30 07:02:10,42.358525,-71.06052,2.518,194.74,21.4,62.35,1014.98
2026-08-30 07:02:15,42.358411,-71.060555,2.611,192.55,21.41,62.37,1014.98
2026-08-30 07:02:20,42.358292,-71.060591,2.702,192.61,21.45,62.37,1014.98
2026-08-30 07:02:25,42.358173,-71.06064,2.759,197.11,21.43,62.32,1014.98
2026-08-30 07:02:30,42.358052,-71.060704,2.892,201.32,21.41,62.32,1014.98
2026-08-30 07:02:35,42.357926,-71.060752,2.92,195.84,21.42,62.28,1014.98
2026-08-30 07:02:40,42.357796,-71.06079,2.943,192.02,21.43,62.27,1014.98
2026-08-30 07:02:45,42.357668,-71.060817,2.886,188.86,21.44,62.28,1014.97
2026-08-30 07:02:50,42.357535,-71.060835,2.988,185.85,21.44,62.29,1014.97
2026-08-30 07:02:55,42.357395,-71.060858,3.115,186.71,21.44,62.22,1014.97
2026-08-30 07:03:00,42.357252,-71.060877,3.204,185.7,21.47,62.21,1014.98
2026-08-30 07:03:05,42.357109,-71.060878,3.187,180.3,21.42,62.15,1014.98
2026-08-30 07:03:10,42.356968,-71.060874,3.129,178.78,21.4,62.18,1014.99
2026-08-30 07:03:15,42.356826,-71.060871,3.159,179.06,21.38,62.14,1014.99
2026-08-30 07:03:20,42.356682,-71.060851,3.223,174.28,21.41,62.08,1014.99
2026-08-30 07:03:25,42.356535,-71.060845,3.277,178.29,21.44,62.0,1014.98
2026-08-30 07:03:30,42.356391,-71.060821,3.225,172.91,21.44,61.97,1014.99
2026-08-30 07:03:35,42.356247,-71.060814,3.204,178.01,21.44,61.88,1014.99
2026-08-30 07:03:40,42.356104,-71.060791,3.187,173.2,21.43,61.95,1014.98
2026-08-30 07:03:45,42.35596,-71.060782,3.223,177.32,21.42,61.97,1014.99
2026-08-30 07:03:50,42.355814,-71.060789,3.248,182.15,21.43,61.89,1014.99
2026-08-30 07:03:55,42.355669,-71.060817,3.253,187.91,21.4,61.9,1014.98
2026-08-30 07:04:00,42.355525,-71.060856,3.271,191.53,21.41,61.86,1014.98
2026-08-30 07:04:05,42.355384,-71.060907,3.239,194.88,21.43,61.87,1014.97
2026-08-30 07:04:10,42.355244,-71.060963,3.241,196.59,21.46,61.85,1014.97
2026-08-30 07:04:15,42.355107,-71.061031,3.24,199.94,21.46,61.82,1014.98
2026-08-30 07:04:20,42.35497,-71.061083,3.179,195.56,21.45,61.8,1014.98
2026-08-30 07:04:25,42.354833,-71.061135,3.154,195.99,21.43,61.68,1014.99
2026-08-30 07:04:30,42.354699,-71.061188,3.11,196.16,21.48,61.66,1014.98
2026-08-30 07:04:35,42.354567,-71.061255,3.143,200.45,21.48,61.64,1014.98
2026-08-30 07:04:40,42.354434,-71.06132,3.145,200.0,21.45,61.67,1014.98
2026-08-30 07:04:45,42.354296,-71.061383,3.223,198.63,21.42,61.71,1014.99
2026-08-30 07:04:50,42.354161,-71.061451,3.214,200.3,21.43,61.69,1014.99
2026-08-30 07:04:55,42.354021,-71.061511,3.264,197.5,21.44,61.61,1014.99
2026-08-30 07:05:00,42.353883,-71.061554,3.137,193.17,21.43,61.7,1014.99
2026-08-30 07:05:05,42.353745,-71.061597,3.158,192.91,21.46,61.64,1015.0
2026-08-30 07:05:10,42.353607,-71.061636,3.126,191.91,21.47,61.6,1015.0
2026-08-30 07:05:15,42.353465,-71.061666,3.217,188.7,21.5,61.58,1014.99
2026-08-30 07:05:20,42.353319,-71.06169,3.258,187.11,21.49,61.54,1014.99
2026-08-30 07:05:25,42.353172,-71.06171,3.284,185.51,21.49,61.45,1014.98
2026-08-30 07:05:30,42.353026,-71.061721,3.246,183.44,21.5,61.43,1014.97
2026-08-30 07:05:35,42.352883,-71.061728,3.199,181.99,21.52,61.44,1014.96
2026-08-30 07:05:40,42.352739,-71.061743,3.202,184.22,21.49,61.48,1014.96
2026-08-30 07:05:45,42.352595,-71.061749,3.208,181.78,21.54,61.5,1014.97
2026-08-30 07:05:50,42.352453,-71.061773,3.176,187.17,21.54,61.54,1014.97
2026-08-30 07:05:55,42.352317,-71.061812,3.096,192.17,21.56,61.52,1014.97
2026-08-30 07:06:00,42.352182,-71.061851,3.067,191.94,21.55,61.56,1014.97
2026-08-30 07:06:05,42.352043,-71.061884,3.138,189.88,21.54,61.54,1014.98
2026-08-30 07:06:10,42.351902,-71.061918,3.189,190.3,21.54,61.58,1014.96
2026-08-30 07:06:15,42.351761,-71.061968,3.253,194.49,21.52,61.54,1014.95
2026-08-30 07:06:20,42.351622,-71.062023,3.216,196.32,21.5,61.5,1014.95
2026-08-30 07:06:25,42.351486,-71.06209,3.217,199.97,21.52,61.49,1014.95
2026-08-30 07:06:30,42.35135,-71.062158,3.214,200.36,21.52,61.54,1014.94
2026-08-30 07:06:35,42.351216,-71.062231,3.219,201.96,21.51,61.57,1014.94
2026-08-30 07:06:40,42.351079,-71.062296,3.231,199.42,21.52,61.57,1014.94
2026-08-30 07:06:45,42.350947,-71.06237,3.179,202.23,21.5,61.57,1014.94
2026-08-30 07:06:50,42.350811,-71.062432,3.177,198.66,21.47,61.49,1014.95
2026-08-30 07:06:55,42.350679,-71.0625,3.144,201.0,21.47,61.44,1014.95
2026-08-30 07:07:00,42.350552,-71.062581,3.122,205.33,21.49,61.32,1014.94
2026-08-30 07:07:05,42.35042,-71.06265,3.156,200.91,21.47,61.4,1014.94
2026-08-30 07:07:10,42.350289,-71.062723,3.153,202.29,21.49,61.34,1014.93
2026-08-30 07:07:15,42.350151,-71.062781,3.201,197.43,21.49,61.34,1014.94
2026-08-30 07:07:20,42.350016,-71.062848,3.201,200.14,21.49,61.35,1014.94
2026-08-30 07:07:25,42.349876,-71.0629,3.238,195.15,21.51,61.4,1014.93
2026-08-30 07:07:30,42.349738,-71.062969,3.264,200.38,21.46,61.45,1014.94
2026-08-30 07:07:35,42.349598,-71.063023,3.241,196.03,21.44,61.35,1014.94
2026-08-30 07:07:40,42.349464,-71.063095,3.206,201.54,21.46,61.44,1014.94
2026-08-30 07:07:45,42.349335,-71.063177,3.176,205.15,21.45,61.4,1014.94
2026-08-30 07:07:50,42.349209,-71.063261,3.112,206.27,21.45,61.35,1014.95
2026-08-30 07:07:55,42.349089,-71.063353,3.071,209.66,21.48,61.4,1014.95
2026-08-30 07:08:00,42.348976,-71.063454,3.022,213.21,21.5,61.44,1014.95
2026-08-30 07:08:05,42.348868,-71.063569,3.049,218.56,21.52,61.47,1014.95
2026-08-30 07:08:10,42.348754,-71.06368,3.123,215.6,21.54,61.48,1014.94
2026-08-30 07:08:15,42.348641,-71.063794,3.14,216.68,21.54,61.46,1014.94
2026-08-30 07:08:20,42.34852,-71.063896,3.165,211.82,21.57,61.54,1014.94
2026-08-30 07:08:25,42.3484,-71.064002,3.201,213.21,21.58,61.61,1014.94
2026-08-30 07:08:30,42.348273,-71.064098,3.223,209.27,21.58,61.56,1014.94
2026-08-30 07:08:35,42.348146,-71.064198,3.267,210.05,21.58,61.49,1014.94
2026-08-30 07:08:40,42.348023,-71.064297,3.178,210.92,21.58,61.58,1014.95
2026-08-30 07:08:45,42.3479,-71.064395,3.184,210.51,21.58,61.59,1014.95
2026-08-30 07:08:50,42.34778,-71.064493,3.116,210.78,21.58,61.54,1014.95
2026-08-30 07:08:55,42.347663,-71.064599,3.14,213.95,21.56,61.48,1014.95
2026-08-30 07:09:00,42.347549,-71.064717,3.182,217.54,21.57,61.39,1014.95
2026-08-30 07:09:05,42.347437,-71.064834,3.151,217.45,21.59,61.44,1014.96
2026-08-30 07:09:10,42.347325,-71.064955,3.182,218.64,21.59,61.4,1014.95
2026-08-30 07:09:15,42.347222,-71.065088,3.158,223.82,21.6,61.42,1014.96
2026-08-30 07:09:20,42.347111,-71.065211,3.203,219.25,21.62,61.41,1014.95
2026-08-30 07:09:25,42.346995,-71.065319,3.128,214.66,21.61,61.42,1014.95
2026-08-30 07:09:30,42.346873,-71.065413,3.121,209.71,21.6,61.43,1014.95
2026-08-30 07:09:35,42.346754,-71.065513,3.124,211.6,21.59,61.45,1014.94
2026-08-30 07:09:40,42.34663,-71.065612,3.191,210.63,21.59,61.46,1014.94
2026-08-30 07:09:45,42.346511,-71.06572,3.189,213.92,21.58,61.53,1014.93
2026-08-30 07:09:50,42.346392,-71.065837,3.274,215.97,21.54,61.44,1014.93
2026-08-30 07:09:55,42.346271,-71.065948,3.255,213.98,21.54,61.44,1014.94
2026-08-30 07:10:00,42.346158,-71.06607,3.214,218.76,21.49,61.46,1014.95
2026-08-30 07:10:05,42.346052,-71.066198,3.157,221.91,21.47,61.44,1014.94
2026-08-30 07:10:10,42.345942,-71.06632,3.175,219.15,21.45,61.42,1014.95
2026-08-30 07:10:15,42.345825,-71.066442,3.27,217.53,21.49,61.4,1014.96
2026-08-30 07:10:20,42.345704,-71.066557,3.297,215.3,21.49,61.49,1014.96
2026-08-30 07:10:25,42.345577,-71.066662,3.302,211.19,21.49,61.51,1014.98
2026-08-30 07:10:30,42.345444,-71.066753,3.306,206.96,21.51,61.47,1014.98
2026-08-30 07:10:35,42.345322,-71.066857,3.225,212.2,21.5,61.45,1014.98
2026-08-30 07:10:40,42.345199,-71.066958,3.185,211.45,21.5,61.46,1014.98
2026-08-30 07:10:45,42.345079,-71.067053,3.09,210.05,21.51,61.48,1014.98
2026-08-30 07:10:50,42.344961,-71.067155,3.122,212.81,21.52,61.44,1014.97
2026-08-30 07:10:55,42.344845,-71.067259,3.092,213.44,21.52,61.44,1014.96
2026-08-30 07:11:00,42.344734,-71.067379,3.155,218.68,21.53,61.37,1014.96
2026-08-30 07:11:05,42.344629,-71.067508,3.161,222.04,21.52,61.37,1014.96
2026-08-30 07:11:10,42.344523,-71.067636,3.158,221.79,21.5,61.41,1014.96
2026-08-30 07:11:15,42.344417,-71.067758,3.092,220.31,21.46,61.31,1014.96
2026-08-30 07:11:20,42.34432,-71.067894,3.113,226.15,21.46,61.3,1014.96
2026-08-30 07:11:25,42.344225,-71.068041,3.205,228.76,21.46,61.35,1014.96
2026-08-30 07:11:30,42.344138,-71.068205,3.326,234.18,21.44,61.3,1014.96
2026-08-30 07:11:35,42.344038,-71.068364,3.43,229.6,21.47,61.27,1014.95
2026-08-30 07:11:40,42.343947,-71.068531,3.413,233.8,21.43,61.23,1014.94
2026-08-30 07:11:45,42.343863,-71.068696,3.294,235.45,21.42,61.24,1014.94
2026-08-30 07:11:50,42.343775,-71.068842,3.092,230.91,21.45,61.2,1014.94
2026-08-30 07:11:55,42.34369,-71.06899,3.086,231.97,21.45,61.12,1014.94
2026-08-30 07:12:00,42.343608,-71.069143,3.093,234.2,21.46,61.12,1014.95
2026-08-30 07:12:05,42.343514,-71.069287,3.162,228.35,21.44,61.22,1014.95
2026-08-30 07:12:10,42.34342,-71.069428,3.126,227.8,21.42,61.22,1014.94
2026-08-30 07:12:15,42.343332,-71.069578,3.153,231.71,21.4,61.24,1014.94
2026-08-30 07:12:20,42.343237,-71.069726,3.213,229.25,21.39,61.29,1014.95
2026-08-30 07:12:25,42.343141,-71.069875,3.243,228.76,21.42,61.32,1014.96
2026-08-30 07:12:30,42.343044,-71.070021,3.243,228.06,21.38,61.3,1014.95
2026-08-30 07:12:35,42.342945,-71.070159,3.159,225.69,21.38,61.27,1014.95
2026-08-30 07:12:40,42.342857,-71.070304,3.085,230.71,21.42,61.27,1014.95
2026-08-30 07:12:45,42.342776,-71.070455,3.072,234.08,21.42,61.27,1014.95
2026-08-30 07:12:50,42.342685,-71.070599,3.111,229.41,21.43,61.33,1014.96
2026-08-30 07:12:55,42.342602,-71.070762,3.249,235.38,21.43,61.36,1014.96
2026-08-30 07:13:00,42.342528,-71.070934,3.274,239.93,21.43,61.4,1014.96
2026-08-30 07:13:05,42.342447,-71.071104,3.315,237.33,21.44,61.45,1014.96
2026-08-30 07:13:10,42.342378,-71.071276,3.225,241.38,21.46,61.46,1014.96
2026-08-30 07:13:15,42.3423,-71.071437,3.172,236.65,21.47,61.32,1014.96
2026-08-30 07:13:20,42.342236,-71.071604,3.094,242.64,21.39,61.23,1014.97
2026-08-30 07:13:25,42.342176,-71.071774,3.085,244.63,21.4,61.17,1014.96
2026-08-30 07:13:30,42.342118,-71.071953,3.218,246.43,21.43,61.15,1014.97
2026-08-30 07:13:35,42.342049,-71.072126,3.223,241.52,21.43,61.17,1014.98
2026-08-30 07:13:40,42.34199,-71.072309,3.286,246.28,21.43,61.12,1014.98
2026-08-30 07:13:45,42.34192,-71.072477,3.165,240.63,21.43,61.05,1014.98
2026-08-30 07:13:50,42.341842,-71.072643,3.235,237.52,21.42,61.1,1014.98
2026-08-30 07:13:55,42.341755,-71.072799,3.217,233.24,21.41,61.09,1014.98
2026-08-30 07:14:00,42.341675,-71.072964,3.246,236.56,21.42,61.04,1014.98
2026-08-30 07:14:05,42.341588,-71.07312,3.208,232.93,21.45,61.02,1014.97
2026-08-30 07:14:10,42.341512,-71.073283,3.166,237.86,21.45,61.04,1014.96
2026-08-30 07:14:15,42.34144,-71.073451,3.19,239.74,21.46,61.08,1014.96
2026-08-30 07:14:20,42.341356,-71.073607,3.173,234.17,21.47,61.01,1014.96
2026-08-30 07:14:25,42.341262,-71.07375,3.151,228.24,21.47,60.99,1014.97
2026-08-30 07:14:30,42.34116,-71.073878,3.082,222.86,21.5,61.08,1014.98
2026-08-30 07:14:35,42.34106,-71.074009,3.107,224.13,21.49,61.09,1014.98
2026-08-30 07:14:40,42.340963,-71.074154,3.219,227.75,21.5,61.1,1014.98
2026-08-30 07:14:45,42.340858,-71.074294,3.276,224.61,21.49,61.06,1014.98
2026-08-30 07:14:50,42.340761,-71.074444,3.265,228.8,21.51,61.06,1014.98
2026-08-30 07:14:55,42.340656,-71.074578,3.213,223.49,21.52,61.05,1014.99
2026-08-30 07:15:00,42.340557,-71.074723,3.259,227.1,21.53,60.98,1014.99
2026-08-30 07:15:05,42.340466,-71.074881,3.288,232.23,21.52,60.9,1014.99
2026-08-30 07:15:10,42.340382,-71.075046,3.29,235.5,21.5,60.9,1014.99
2026-08-30 07:15:15,42.340303,-71.075218,3.328,237.88,21.49,60.93,1014.99
2026-08-30 07:15:20,42.340231,-71.075399,3.382,241.93,21.5,60.95,1014.99
2026-08-30 07:15:25,42.340144,-71.075577,3.506,236.41,21.46,60.94,1014.98
2026-08-30 07:15:30,42.340048,-71.075747,3.515,232.83,21.46,60.94,1014.99
2026-08-30 07:15:35,42.339944,-71.075906,3.495,228.33,21.48,60.95,1014.98
2026-08-30 07:15:40,42.339842,-71.076062,3.424,228.39,21.49,60.92,1014.98
2026-08-30 07:15:45,42.339743,-71.07623,3.529,231.33,21.51,60.89,1014.99
2026-08-30 07:15:50,42.339642,-71.076409,3.693,232.89,21.52,60.84,1014.99
2026-08-30 07:15:55,42.33955,-71.076602,3.786,237.1,21.54,60.85,1014.99
2026-08-30 07:16:00,42.339448,-71.076784,3.751,232.97,21.52,60.82,1014.99
2026-08-30 07:16:05,42.339353,-71.076975,3.786,235.78,21.5,60.84,1014.99
2026-08-30 07:16:10,42.339248,-71.077157,3.795,232.1,21.5,60.85,1015.0
2026-08-30 07:16:15,42.339136,-71.077333,3.82,229.35,21.47,60.92,1015.0
2026-08-30 07:16:20,42.339029,-71.077517,3.833,231.87,21.48,60.93,1015.0
2026-08-30 07:16:25,42.338935,-71.077717,3.907,237.63,21.47,61.0,1015.0
2026-08-30 07:16:30,42.338843,-71.077925,3.989,238.97,21.5,60.97,1015.0
2026-08-30 07:16:35,42.338736,-71.078121,4.002,233.62,21.47,60.99,1015.01
2026-08-30 07:16:40,42.338631,-71.078325,4.078,235.02,21.47,60.98,1015.0
2026-08-30 07:16:45,42.338509,-71.078518,4.18,229.53,21.47,60.9,1015.0
2026-08-30 07:16:50,42.338397,-71.078727,4.236,234.14,21.47,60.97,1015.01
2026-08-30 07:16:55,42.338291,-71.078945,4.294,236.65,21.46,61.04,1015.01
2026-08-30 07:17:00,42.338177,-71.079148,4.202,232.73,21.46,61.06,1015.01
2026-08-30 07:17:05,42.33805,-71.079338,4.203,227.83,21.46,61.04,1015.0
2026-08-30 07:17:10,42.337917,-71.079512,4.113,224.03,21.43,61.08,1015.0
2026-08-30 07:17:15,42.337799,-71.079701,4.077,229.79,21.42,61.08,1015.01
2026-08-30 07:17:20,42.337682,-71.079885,3.974,229.29,21.42,61.04,1015.01
2026-08-30 07:17:25,42.337575,-71.080074,3.925,232.7,21.45,61.07,1015.02
2026-08-30 07:17:30,42.337472,-71.080269,3.941,234.34,21.48,61.12,1015.02
2026-08-30 07:17:35,42.337373,-71.080462,3.854,235.21,21.49,61.15,1015.02
2026-08-30 07:17:40,42.337265,-71.080641,3.799,230.95,21.5,61.08,1015.01
2026-08-30 07:17:45,42.337174,-71.080827,3.673,236.3,21.53,61.12,1015.02
2026-08-30 07:17:50,42.337077,-71.081006,3.644,233.92,21.52,61.07,1015.02
2026-08-30 07:17:55,42.336984,-71.081186,3.613,234.85,21.53,61.07,1015.02
2026-08-30 07:18:00,42.336897,-71.081369,3.585,237.25,21.52,61.09,1015.02
2026-08-30 07:18:05,42.336814,-71.081556,3.582,239.04,21.53,61.09,1015.01
2026-08-30 07:18:10,42.336746,-71.081746,3.466,244.33,21.52,61.08,1015.01
2026-08-30 07:18:15,42.336671,-71.081923,3.347,240.11,21.56,61.07,1015.01
2026-08-30 07:18:20,42.336599,-71.082093,3.215,240.21,21.52,61.03,1015.01
2026-08-30 07:18:25,42.336526,-71.082258,3.162,239.06,21.5,61.1,1015.01
2026-08-30 07:18:30,42.336453,-71.08242,3.127,238.75,21.53,61.1,1015.01
2026-08-30 07:18:35,42.336374,-71.082569,3.023,234.18,21.53,61.1,1015.02
2026-08-30 07:18:40,42.336288,-71.082706,2.948,229.79,21.48,61.0,1015.02
2026-08-30 07:18:45,42.3362,-71.082835,2.88,227.13,21.48,61.04,1015.02
2026-08-30 07:18:50,42.336106,-71.082961,2.955,224.78,21.47,61.09,1015.02
2026-08-30 07:18:55,42.33601,-71.083086,2.957,223.92,21.48,61.14,1015.02
2026-08-30 07:19:00,42.33592,-71.083209,2.844,225.25,21.47,61.17,1015.03
2026-08-30 07:19:05,42.335838,-71.083327,2.663,226.87,21.47,61.24,1015.01
2026-08-30 07:19:10,42.335761,-71.083434,2.46,225.81,21.44,61.18,1015.01
2026-08-30 07:19:15,42.335684,-71.083537,2.401,224.71,21.43,61.11,1015.01
2026-08-30 07:19:20,42.335605,-71.083632,2.355,221.32,21.42,61.23,1015.02
2026-08-30 07:19:25,42.335525,-71.08373,2.393,222.38,21.41,61.21,1015.01
2026-08-30 07:19:30,42.335446,-71.083821,2.318,220.19,21.37,61.21,1015.0
2026-08-30 07:19:35,42.335364,-71.083897,2.21,214.62,21.37,61.13,1015.0
2026-08-30 07:19:40,42.335289,-71.083965,2.006,213.64,21.37,61.15,1015.0
2026-08-30 07:19:45,42.335215,-71.08403,1.959,213.33,21.34,61.19,1015.0
2026-08-30 07:19:50,42.335142,-71.084087,1.873,210.04,21.36,61.19,1014.99
2026-08-30 07:19:55,42.33507,-71.084146,1.869,210.91,21.35,61.21,1015.0
2026-08-30 07:20:00,42.335002,-71.084202,1.771,211.7,21.35,61.28,1015.0