timestamp,latitude,longitude,temperature_c,humidity_pct,pressure_hpa,heading_deg
2026-09-23 08:00:00,42.14494453804113,-71.11704132702147,18.527005963903914,63.20914514991493,1012.9281554344674,92.04579334472086
2026-09-23 08:00:02,42.144995276989555,-71.11696367187687,18.612598548905098,60.926297016558706,1013.0787104386628,93.3885708176784
2026-09-23 08:00:04,42.14496800326491,-71.11700829454333,18.507246792552138,62.60467960958873,1013.328211390167,92.3093504677512
2026-09-23 08:00:06,42.14499783435779,-71.11698537120108,18.551515103462147,61.77003234381397,1012.8425035311102,90.05559528368987
2026-09-23 08:00:08,42.14507924662327,-71.11696853296169,18.335986231917516,61.957072957919806,1013.2084669022928,85.60880202692738
2026-09-23 08:00:10,42.14496392664938,-71.11701710707877,18.49610252784559,61.26297104250724,1012.8936644832338,84.79355876502844
2026-09-23 08:00:12,42.14491476527691,-71.1170710818969,18.432541578376572,61.765880679350886,1012.9529831330688,88.42418128339953
2026-09-23 08:00:14,42.14478040920329,-71.11711956115009,18.40249495516611,62.91003121628927,1013.3318076168097,89.07650769059501
2026-09-23 08:00:16,42.14482187564553,-71.11712533600895,18.4297478106457,62.407858669391395,1012.2027758515783,88.23714926152077
2026-09-23 08:00:18,42.14482278209335,-71.11702432845514,18.473270124743934,63.21261812378696,1012.4814110687701,88.93476957577123
2026-09-23 08:00:20,42.14491110716279,-71.11700649898702,18.57327220338848,62.824188322284385,1012.4071258410229,86.59333204627957
2026-09-23 08:00:22,42.14496110081777,-71.11702120113175,18.393888582580836,62.307360675250706,1012.0665535520607,86.14734700223312
2026-09-23 08:00:24,42.144897817913574,-71.11706086827333,18.502450519407553,63.220754168317455,1012.728694223938,86.29656321175672
2026-09-23 08:00:26,42.145018751917284,-71.1171809707891,18.461266445333315,62.30729521111681,1013.2997735598912,86.16741223402515
2026-09-23 08:00:28,42.145026656051094,-71.11712058320872,18.473786152451044,62.57959172375794,1012.886046373447,87.35362141656027
2026-09-23 08:00:30,,,18.580220626024367,61.7924003325257,1013.0791160327767,87.87058925591435
2026-09-23 08:00:32,,,18.543049234960314,62.04658207110144,1013.4356869986843,88.87307828307635
2026-09-23 08:00:34,,,18.60699184859542,61.511803323689804,1013.5310744529071,87.84051985973021
2026-09-23 08:00:36,42.14498002421038,-71.11706065909057,18.48763954566001,62.6927087542164,1012.9723448261095,89.18724297234603
2026-09-23 08:00:38,42.145007857072166,-71.11702236293962,18.444324591066344,61.1751874638196,1013.5414343558277,91.63064839378201
2026-09-23 08:00:40,42.14503432639532,-71.11719607890443,18.48209129464956,62.547645239692365,1013.0368506633737,90.1754241143049
2026-09-23 08:00:42,42.14503082413013,-71.11716449575445,18.519399743301697,61.86654425974639,1012.665040710469,88.84388063073305
2026-09-23 08:00:44,42.145041677407136,-71.11712464774713,18.514125868676295,62.81987296542712,1012.7622398591205,90.8475571352134
2026-09-23 08:00:46,42.14496341776571,-71.11715726848054,18.41324895422133,62.52560829211188,1012.407785394974,90.56054115517081
2026-09-23 08:00:48,42.14496045553535,-71.11710727279325,18.50723918253023,63.274452310352764,1012.6447464585066,92.66627324327065
2026-09-23 08:00:50,42.145005074048385,-71.11693740480096,18.518258266411113,62.51154228379705,1012.8567933247703,92.00246967543238
2026-09-23 08:00:52,42.14493549435862,-71.1169322972666,18.701397923002713,60.899571821042734,1013.3214340077515,94.18503803983845
2026-09-23 08:00:54,42.144951860874244,-71.11703231437767,18.650147568902533,61.95313277897126,1013.6883079324664,94.38226676504662
2026-09-23 08:00:56,42.14504130082694,-71.11703160587322,18.431740531955295,61.17959496518363,1012.4471273938492,94.76961000003067
2026-09-23 08:00:58,42.14510463722895,-71.11709548650143,18.477009331076065,61.63720411034361,1013.157130987304,97.11668703253552
2026-09-23 08:01:00,42.14514257930951,-71.11708404564799,18.38292463985304,63.0578599032937,1012.583782424337,96.57403131636926
2026-09-23 08:01:02,42.1451181768678,-71.11717322507815,18.452743438882923,62.44627366762839,1013.1898788353852,95.16234817248183
2026-09-23 08:01:04,42.145057981529916,-71.11712806034664,18.52524840028723,61.51074869999488,1012.9475653397249,94.48950186043929
2026-09-23 08:01:06,42.14499017457056,-71.11709918134731,18.59646828967106,61.29039784349172,1012.267637669661,95.168002786404
2026-09-23 08:01:08,42.145086049156376,-71.11716879397255,18.44167329298051,62.02294746501338,1013.3713187966274,92.81936417813323
2026-09-23 08:01:10,42.14516989901903,-71.11717170552589,18.447668284794577,61.14840789543321,1012.7579997148765,
2026-09-23 08:01:12,42.145070315340824,-71.11721141202689,18.328216877620907,61.530201805822394,1012.7864399046506,92.9674135556833
2026-09-23 08:01:14,42.145028477064166,-71.11719118118145,18.486986726356406,62.21840663008587,1012.5720990354841,94.68913254678364
2026-09-23 08:01:16,42.145000812783614,-71.11702149254167,18.415006847051234,62.80871842527469,1012.7382866893249,91.09774208943294
2026-09-23 08:01:18,42.14507175591117,-71.11698227370258,18.457644845810716,62.42613303055711,1013.1711561762779,89.91789342677669
2026-09-23 08:01:20,42.145139265828234,-71.11706125459216,18.429851137746592,60.39609734398133,1012.9243022636255,87.38819119992553
2026-09-23 08:01:22,42.144997890169286,-71.1169574611043,18.492458995659796,62.21305671032118,1013.131464800913,86.1488470003796
2026-09-23 08:01:24,42.145078325881684,-71.11708067280468,18.35938172869147,62.050423501262806,1013.1447687415715,86.52034585204302
2026-09-23 08:01:26,42.14501710830042,-71.11708230978944,18.38263638036872,62.289723199760886,1013.5282646622113,86.25150591386839
2026-09-23 08:01:28,42.14518768757943,-71.1170765204722,18.670339768962265,63.13134677715585,1012.8628855396543,85.87143956044636
2026-09-23 08:01:30,42.14510365153705,-71.1171583742254,18.39700619349808,60.55573320623668,1012.4092568732617,85.63266225337627
2026-09-23 08:01:32,42.14510593757443,-71.1172704257803,18.41225715372363,61.58622760236623,1013.4268889666288,85.93774461430618
2026-09-23 08:01:34,42.14514637408227,-71.11712802732032,18.646953082265703,62.41363442595535,1012.8674047311611,84.42494055139153
2026-09-23 08:01:36,,,18.732405373539233,60.89288392038224,1013.4458369778309,85.4852150127401
2026-09-23 08:01:38,,,18.40627466969397,63.03316433363746,1013.1533508452729,86.47921396831832
2026-09-23 08:01:40,42.14517241256367,-71.11722662385523,18.470540083456957,62.25784962889046,1012.9475449879187,87.05677087480248
2026-09-23 08:01:42,42.14522254709214,-71.11713131541286,18.52732444407524,62.59260879009038,1013.1395103576185,87.89157103892937
2026-09-23 08:01:44,42.145128277987126,-71.11736840432437,18.638295811552446,61.600339436934746,1013.7804050240505,88.33619804014236
2026-09-23 08:01:46,42.145079823692654,-71.11720460765807,18.42105143372574,62.56963458297635,1013.8307922116215,91.38880799423896
2026-09-23 08:01:48,42.14497428186702,-71.11728604914018,18.48037777232463,62.74793008919233,1013.0277524540531,91.2581667376602
2026-09-23 08:01:50,42.145031820817444,-71.11714888760838,18.56218700608494,62.16301461409602,1013.0640762373268,90.79754191015833
2026-09-23 08:01:52,42.14504743517997,-71.11716305606896,18.53478128595733,62.16408062488909,1013.4304960629865,89.66725053962226
2026-09-23 08:01:54,42.145161786844426,-71.11704721920002,18.469907514301592,62.189240267497205,1012.6617355868931,88.1188565337555
2026-09-23 08:01:56,42.14509306263724,-71.11714269657546,18.489294162838718,61.395658314682436,1013.1332281490473,86.2521488523539
2026-09-23 08:01:58,42.14506284670287,-71.11715530058525,18.3900083353304,61.89672992383175,1012.9896548608184,84.91895288250751
2026-09-23 08:02:00,42.14504017359242,-71.11728628922592,18.480946100482026,61.89323422728335,1013.125563284583,84.81293231002941
2026-09-23 08:02:02,42.14506536566903,-71.1173690309079,18.478689000799285,62.26837570504745,1012.6666524776202,85.31437500277599
2026-09-23 08:02:04,42.145083612917496,-71.11714673223902,18.5185735911701,62.69987697283721,1012.3641730026765,85.39108809060423
2026-09-23 08:02:06,42.14510733888883,-71.11731151283144,18.45557382249448,61.25902474261511,1012.1708066256035,84.24278517445966
2026-09-23 08:02:08,42.145111394663225,-71.11715723449392,18.537723081803613,61.91249367877629,1012.5530463548041,85.5930620204896
2026-09-23 08:02:10,42.14505145284288,-71.11728870596276,18.581017265425587,63.037018883361284,1012.8165298860242,86.70218102894103
2026-09-23 08:02:12,42.14517697408385,-71.11717954210478,18.512434346213478,61.479488239831205,1012.8827233653404,86.462708567808
2026-09-23 08:02:14,42.14513756317001,-71.11708274934264,18.528140512671936,61.42442498789678,1013.7748924649718,85.48333435081094
2026-09-23 08:02:16,42.14517042138567,-71.11714987838789,18.50425242780623,62.14161433428183,1013.4423973479629,86.30597623205563
2026-09-23 08:02:18,42.14527583537174,-71.11719529733,18.500006751447312,62.59106963333972,1012.6151635534634,86.58793661328478
2026-09-23 08:02:20,42.145055754935875,-71.11719268272847,18.44227535731657,62.00799823889246,1013.1390833809804,84.4157457241622
2026-09-23 08:02:22,42.145077933573035,-71.11722033506892,18.525319540933864,62.93027241330589,1012.8371687054598,84.3137753401856
2026-09-23 08:02:24,42.14497218334058,-71.11709898133483,18.49221707212692,62.59975578779657,1012.886254464784,84.70682905829717
2026-09-23 08:02:26,42.145057545991115,-71.11730624008436,18.66745346471445,62.58927404682304,1013.0741302597662,83.35728687856555
2026-09-23 08:02:28,42.14509198523348,-71.11733259026371,18.62586839219802,62.38788155092686,1013.2476684467902,83.64205196782171
2026-09-23 08:02:30,42.14505771163344,-71.11729125290626,18.53086772420452,63.62935717024226,1012.8642966064464,81.45981823993503
2026-09-23 08:02:32,,,18.438955423224417,61.85638681779377,1013.4255406130937,83.46409738995328
2026-09-23 08:02:34,42.14515659849271,-71.11721779893759,18.411007082241326,60.59753439555344,1012.543224709543,85.33602236754243
2026-09-23 08:02:36,42.14506403581092,-71.1172718018094,18.59529143624711,63.122978053062,1013.0025356249449,84.95724636608799
2026-09-23 08:02:38,42.14505150228855,-71.11724628250299,18.521019938011772,61.67961039833022,1014.0390694906383,85.5024278728466
2026-09-23 08:02:40,42.1450691160939,-71.11712899871867,18.538411472271328,62.075516311040126,1013.0892318970501,81.88754492414678
2026-09-23 08:02:42,42.14497817855744,-71.11712184207565,18.360433121042064,62.91668547940237,1013.5732858026424,80.15302343374879
2026-09-23 08:02:44,42.145033147801705,-71.11716458641426,18.574195078524653,60.87841832125875,1013.0366080712693,79.71235505352058
2026-09-23 08:02:46,42.14498242190617,-71.11706721925826,18.53635362705715,61.1238469501257,1013.2323108381319,78.1041555213803
2026-09-23 08:02:48,42.14505919866209,-71.11706637724558,18.411165545246842,60.8791054440168,1012.977286722243,79.17575024532628
2026-09-23 08:02:50,42.14493822321212,-71.11700379169866,18.462278015404003,61.4441045969822,1012.9318369675343,82.17169504144827
2026-09-23 08:02:52,42.14501777462338,-71.1171172657649,18.52109737634852,62.3077456242119,1012.6882070413099,80.40677296230433
2026-09-23 08:02:54,42.14499675429397,-71.11707387658453,18.5041973438685,62.36693148996894,1013.172120543583,79.15057785617654
2026-09-23 08:02:56,42.14504259905991,-71.1171448074046,18.476626305135717,62.19339192552999,1012.6593851243257,79.50375040864144
2026-09-23 08:02:58,42.14504498545823,-71.11700569814637,18.491720938554725,61.01106388127534,1013.2662340945253,81.92042463139086
2026-09-23 08:03:00,42.14511501406169,-71.11714516650623,18.479841809743448,60.38292759435715,1013.4341148017784,80.08686316258101
2026-09-23 08:03:02,42.145034393446494,-71.11701812467453,18.512205000968198,62.038047509773264,1013.1466125628949,80.46041734604142
2026-09-23 08:03:04,42.14494784500468,-71.11702242639969,18.61771935783945,61.66975677645316,1012.8855005065777,83.1923656222611
2026-09-23 08:03:06,42.14509509768455,-71.11701569895243,18.294667324725495,62.32157004020163,1013.1815862317235,80.71472689999219
2026-09-23 08:03:08,42.144990423137685,-71.11705697878901,18.481051978839226,62.491367538354886,1012.8765307777815,78.79312308972344
2026-09-23 08:03:10,42.14488935855303,-71.11697758064928,18.514120993709795,62.09676900244108,1013.374218850186,78.15771318003218
2026-09-23 08:03:12,42.14484953177677,-71.11699939000079,18.52367951917497,62.5320931597631,1012.2674375663139,77.37683056074907
2026-09-23 08:03:14,42.14474819512301,-71.11694714197769,18.470246833494297,62.16044796188055,1012.8657570527525,78.59573249237954
2026-09-23 08:03:16,42.14488588074906,-71.1170496133319,18.359462257401713,62.37104529392103,1012.2036752019504,78.95822207211079
2026-09-23 08:03:18,42.144852833685306,-71.11711833424165,18.526239638697128,61.50672871599108,1012.4019756679091,76.29577898264759
